{
  "project_info": {
    "project_number": "488959442780",
    "firebase_url": "https://proyecto-iot-2020-b3a6f.firebaseio.com",
    "project_id": "proyecto-iot-2020-b3a6f",
    "storage_bucket": "proyecto-iot-2020-b3a6f.appspot.com"
  },
  "client": [
    {
      "client_info": {
        "mobilesdk_app_id": "1:488959442780:android:d2e7aaa836def0ce234b99",
        "android_client_info": {
          "package_name": "com.example.proyecto2a"
        }
      },
      "oauth_client": [
        {
          "client_id": "488959442780-jql5d3bvbj1olcln1ugdnt4fgglv3dbo.apps.googleusercontent.com",
          "client_type": 1,
          "android_info": {
            "package_name": "com.example.proyecto2a",
            "certificate_hash": "a27a89c833f9384643b527c24cef420436ab13fc"
          }
        },
        {
          "client_id": "488959442780-fusajk8sgn68mq9db61js8erlhgk4a9g.apps.googleusercontent.com",
          "client_type": 3
        }
      ],
      "api_key": [
        {
          "current_key": "AIzaSyAACuJnz24dFpVCQZvbAOzXShfAYcl4r4c"
        }
      ],
      "services": {
        "appinvite_service": {
          "other_platform_oauth_client": [
            {
              "client_id": "488959442780-fusajk8sgn68mq9db61js8erlhgk4a9g.apps.googleusercontent.com",
              "client_type": 3
            }
          ]
        }
      }
    }
  ],
  "configuration_version": "1"
}